{
  "installed": {
    "chromadb": 1757708283.65883,
    "sentence-transformers": 1757708283.65883,
    "PyPDF2": 1757708283.65883,
    "python-docx": 1757708283.694687,
    "python-magic-bin": 1757708283.694687
  }
}